Nuia	ヌイア大陸
Haranya	ハリハラ大陸
Nuian	ヌイアン
Elf	エルフ
Dwarf	ドワーフ
Harani	ハリハラン
Firran	フェレ
Warborn	ウォーボーン
Solzreed	ソルズリード半島
Solzreed Peninsula	ソルズリード半島
Lilyut	リリエット丘陵
Lilyut Hills	リリエット丘陵
Gweonid	グィオニードの森
Gweonid Forest	グィオニードの森
Cinderstone	グランドル平原
Cinderstone Moor	グランドル平原
White Arden	ホワイトフォレスト
Dewstone	ガランドル
Dewstone Plains	ガランドル平原
Marianople	マリアノーブル
Two Crowns	ツインクラウン
Halcyona	ゴールド平原
Ynystere	イニステール
Arcum Iris	虹の原
Falcorth	ホークハント高原
Falcorth Plains	ホークハント高原
Tigerspine	タイガースパイン山脈
Tigerspine Mountains	タイガースパイン山脈
Mahadevi	マハデビ
Solis Headlands	ソングランド
Villanelle	古代の森
Rookborne	ロカのチェス駒
Rookborne Basin	ロカのチェス駒
Windscour	グラスランド
Windscour Savannah	グラスランド
Perinoor	ハリハララヤ廃墟
Perinoor Ruins	ハリハララヤ廃墟
Hasla	ハスラ
Rokhala	ロカ山
Rokhala Mountains	ロカ山
Sunbite	サンライズ半島
Sunbite Wilds	サンライズ半島
Sanddeep	砂漠
Auroria	旧大陸
Diamond Shores	ダイヤモンドショア
Freedich	フリーダムロード
Freedich Island	フリーダムロード
Growlgate	グロウル島
Growlgate Isle	グロウル島
trade pack	交易品
tradepack	交易品
pack	交易品
cargo	カーゴ
larder	保存食
gilda	ギルダ
gilda star	ギルダスター
labor	労働力
labor point	労働力
proficiency	熟練度
vocation	貢献度
honor	名誉ポイント
prestige	名声
guild	ギルド
faction	勢力
nation	国家
raid	レイド
party	パーティー
carebear	平和状態
pirate	海賊
peace	平和時間
conflict	紛争
war	戦争
housing	ハウジング
farm	農園
scarecrow	かかしファーム
land	土地
tax	税金
merchant	商人
specialty	特産品
worker's compensation	労災報酬
Mistmerrow	赤露の平原
Mist	赤露の平原
Battlerage	バトルレイジ
Sorcery	魔法
Occultism	精神
Defense	防御
Auramancy	意思
Shadowplay	使命
Archery	野生
Witchcraft	幻術
Vitalism	愛
Songcraft	ロマン
skillset	スキルセット
class	クラス
delphinad	デルフィナード
hasla weapon	ハスラ武器
obsidian	黒曜
ayanad	アヤナド
erenor	エレノア
library	図書館
serpentis	蛇の穴
kraken	クラーケン
leviathan	リヴァイアサン
anthalon	アンタロン
red dragon	レッドドラゴン
morpheus	モルペウス
abyssal	深淵
worldgate	ワールドゲート
teleport	テレポート
recall	リコール
hereafter	冥界
resurrect	蘇生
res	リザ
