ヌイア大陸	Nuia
ハリハラ大陸	Haranya
ヌイアン	Nuian
エルフ	Elf
ドワーフ	Dwarf
ハリハラン	Harani
フェレ	Firran
ウォーボーン	Warborn
ソルズリード半島	Solzreed
ソルズ	Solzreed
リリエット丘陵	Lilyut
リリエット	Lilyut
グィオニードの森	Gweonid
グィオニード	Gweonid
グランドル平原	Cinderstone
グランドル	Cinderstone
ホワイトフォレスト	White Arden
エズナ	Dewstone
マリアノーブル	Marianople
マリア	Marianople
ツインクラウン	Two Crowns
ゴールド平原	Halcyona
ゴールド	Halcyona
イニステール	Ynystere
虹の原	Arcum Iris
ホークハント高原	Falcorth
ホーク	Falcorth
タイガースパイン山脈	Tigerspine
マハデビ	Mahadevi
ソングランド	Solis Headlands
古代の森	Villanelle
グラスランド	Windscour
ハリハララヤ廃墟	Perinoor Ruins
ハスラ	Hasla
サンライズ半島	Sunbite
赤露の平原	Mistmerrow
赤露	Mistmerrow
旧大陸	Auroria
ダイヤモンドショア	Diamond Shores
フリーダムロード	Freedich
グロウル島	Growlgate
交易品	trade pack
特産品	specialty
カーゴ	cargo
保存食	larder
ギルダ	gilda
ギルダスター	gilda star
労働力	labor
熟練度	proficiency
貢献度	vocation
名誉ポイント	honor
名声	prestige
ギルド	guild
勢力	faction
国家	nation
レイド	raid
パーティー	party
海賊	pirate
紛争	conflict
戦争	war
農園	farm
かかしファーム	scarecrow farm
土地	land
税金	tax
商人	merchant
格闘	Battlerage
魔法	Sorcery
死	Occultism
防御	Defense
意思	Auramancy
使命	Shadowplay
野生	Archery
幻術	Witchcraft
愛	Vitalism
ロマン	Songcraft
デルフィナード	Delphinad
黒曜	Obsidian
アヤナド	Ayanad
エレノア	Erenor
図書館	Library
蛇の穴	Serpentis
クラーケン	Kraken
リヴァイアサン	Leviathan
アンサロン	Anthalon
レッドドラゴン	Red Dragon
モルフェウス	Morpheus
深淵	Abyssal
ワールドゲート	worldgate
テレポート	teleport
リコール	recall
冥界	Hereafter
蘇生	resurrect
リザ	res
募集	LFG
参加	join
昼デイリー	CR
夜デイリー	GR
